{
    "_id" : 2017180,
    "date" : null,
    "teams" : {
        "home" : {
            "teamId" : null,
            "team" : "Arsenal"
        },
        "away" : {
            "teamId" : null,
            "team" : "Leicester City"
        }
    },
    "matchURL" : "http://www.espnfc.com/match?gameId=480899",
    "scores" : {
        "homeScore" : 4,
        "awayScore" : 3
    },
    "season" : "2017-18",
    "venue" : "Emirates Stadium",
    "dateModified" : null,
    "status" : "FINAL",
    "tournament" : "English Premier League",
    "attendance" : "59,387"
}