{
  "$id": "http://example.com/example.json",
  "type": "object",
  "definitions": {},
  "$schema": "http://json-schema.org/draft-07/schema#",
  "properties": {
    "name": {
      "$id": "/properties/name",
      "type": "string",
      "title": "The Name Schema",
      "default": "",
      "examples": [
        "string"
      ]
    },
    "country": {
      "$id": "/properties/country",
      "type": ["string","null"],
      "title": "The Country Schema",
      "default": "",
      "examples": [
        "string"
      ]
    },
    "manager": {
      "$id": "/properties/manager",
      "type": ["string","null"],
      "title": "The Manager Schema",
      "default": "",
      "examples": [
        "string"
      ]
    },
    "stadium": {
      "$id": "/properties/stadium",
      "type": ["string","null"],
      "title": "The Stadium Schema",
      "default": "",
      "examples": [
        "string"
      ]
    },
    "established": {
      "$id": "/properties/established",
      "type": ["integer","null"],
      "title": "The Established Schema",
      "default": 0,
      "examples": [
        1892
      ]
    },
    "leaguePosition": {
      "$id": "/properties/leaguePosition",
      "type": ["integer","null"],
      "title": "The Leagueposition Schema",
      "default": 0,
      "examples": [
        1
      ]
    }
  }
}