<?xml version="1.0" encoding="UTF-8"?>
<mule xmlns="http://www.mulesoft.org/schema/mule/core" xmlns:apikit="http://www.mulesoft.org/schema/mule/apikit" xmlns:doc="http://www.mulesoft.org/schema/mule/documentation" xmlns:http="http://www.mulesoft.org/schema/mule/http" xmlns:spring="http://www.springframework.org/schema/beans" xmlns:xsi="http://www.w3.org/2001/XMLSchema-instance" xsi:schemaLocation="http://www.mulesoft.org/schema/mule/core http://www.mulesoft.org/schema/mule/core/current/mule.xsd
http://www.mulesoft.org/schema/mule/http http://www.mulesoft.org/schema/mule/http/current/mule-http.xsd
http://www.mulesoft.org/schema/mule/apikit http://www.mulesoft.org/schema/mule/apikit/current/mule-apikit.xsd
http://www.springframework.org/schema/beans http://www.springframework.org/schema/beans/spring-beans-3.1.xsd">
    <http:listener-config name="football-system-api-httpListenerConfig" host="0.0.0.0" port="8081" doc:name="HTTP Listener Configuration" />
    <apikit:config name="football-system-api-config" raml="football-system-api.raml" consoleEnabled="false" doc:name="Router" />
    <flow name="football-system-api-main">
        <http:listener config-ref="football-system-api-httpListenerConfig" path="/api/*" doc:name="HTTP" />
        <apikit:router config-ref="football-system-api-config" doc:name="APIkit Router" />
        <exception-strategy ref="football-system-api-apiKitGlobalExceptionMapping" doc:name="Reference Exception Strategy" />
    </flow>
    <flow name="football-system-api-console">
        <http:listener config-ref="football-system-api-httpListenerConfig" path="/console/*" doc:name="HTTP" />
        <apikit:console config-ref="football-system-api-config" doc:name="APIkit Console" />
    </flow>
    <flow name="get:/football/fixture/{fixtureId}:football-system-api-config">
        <set-payload value="#[NullPayload.getInstance()]" doc:name="Set Payload" />
    </flow>
    <flow name="post:/football/fixture:application/json:football-system-api-config">
        <set-property propertyName="Content-Type" value="application/json" doc:name="Property" />
        <set-payload value="{&#xA;&quot;message&quot; : &quot;Success&quot;&#xA;}" doc:name="Set Payload" />
    </flow>
    <flow name="post:/football/team:application/json:football-system-api-config">
        <flow-ref name="post-team-flow" doc:name="Flow Reference"/>
    </flow>
    <apikit:mapping-exception-strategy name="football-system-api-apiKitGlobalExceptionMapping">
        <apikit:mapping statusCode="404">
            <apikit:exception value="org.mule.module.apikit.exception.NotFoundException" />
            <set-property propertyName="Content-Type" value="application/json" doc:name="Property" />
            <set-payload value="{ &quot;message&quot;: &quot;Resource not found&quot; }" doc:name="Set Payload" />
        </apikit:mapping>
        <apikit:mapping statusCode="405">
            <apikit:exception value="org.mule.module.apikit.exception.MethodNotAllowedException" />
            <set-property propertyName="Content-Type" value="application/json" doc:name="Property" />
            <set-payload value="{ &quot;message&quot;: &quot;Method not allowed&quot; }" doc:name="Set Payload" />
        </apikit:mapping>
        <apikit:mapping statusCode="415">
            <apikit:exception value="org.mule.module.apikit.exception.UnsupportedMediaTypeException" />
            <set-property propertyName="Content-Type" value="application/json" doc:name="Property" />
            <set-payload value="{ &quot;message&quot;: &quot;Unsupported media type&quot; }" doc:name="Set Payload" />
        </apikit:mapping>
        <apikit:mapping statusCode="406">
            <apikit:exception value="org.mule.module.apikit.exception.NotAcceptableException" />
            <set-property propertyName="Content-Type" value="application/json" doc:name="Property" />
            <set-payload value="{ &quot;message&quot;: &quot;Not acceptable&quot; }" doc:name="Set Payload" />
        </apikit:mapping>
        <apikit:mapping statusCode="400">
            <apikit:exception value="org.mule.module.apikit.exception.BadRequestException" />
            <set-property propertyName="Content-Type" value="application/json" doc:name="Property" />
            <set-payload value="{ &quot;message&quot;: &quot;Bad request&quot; }" doc:name="Set Payload" />
        </apikit:mapping>
    </apikit:mapping-exception-strategy>
</mule>
